{"train/train_loss": NaN, "_timestamp": 1666817474.062879, "_runtime": 15.119134187698364, "_step": 203, "_wandb": {"runtime": 11}}